user_id,role,action,resource,timestamp,success,risk_label
U815,developer,access_file,/dev/code1,2025-06-12T17:26:22.244467,True,low
U107,developer,login,/dev/code1,2025-06-12T17:24:22.244467,True,low
U223,hr_manager,change_password,/hr/files,2025-06-12T17:24:22.244467,True,medium
U168,admin,delete_user,/admin/settings,2025-06-12T17:27:22.244467,True,low
U284,admin,access_file,/dev/code1,2025-06-12T17:25:22.244467,True,low
U564,admin,access_file,/hr/files,2025-06-12T17:27:22.244467,True,low
U075,admin,escalate_privilege,/finance/data1,2025-06-12T17:24:22.244467,True,high
U471,admin,access_file,/admin/settings,2025-06-12T17:25:22.244467,True,low
U587,admin,change_password,/finance/data1,2025-06-12T17:23:22.244467,True,high
U241,hr_manager,access_file,/finance/data1,2025-06-12T17:23:22.244467,True,high
M061,developer,escalate_privilege,/dev/code1,2025-06-12T17:27:22.244467,True,low
U300,admin,access_file,/finance/data1,2025-06-12T17:24:22.244467,True,high
U875,admin,access_file,/finance/data1,2025-06-12T17:27:22.244467,True,high
U594,developer,change_password,/finance/data1,2025-06-12T17:27:22.244467,True,high
U663,developer,access_file,/hr/files,2025-06-12T17:25:22.244467,True,low
U624,developer,escalate_privilege,/hr/files,2025-06-12T17:23:22.244467,True,low
U308,admin,change_password,/admin/settings,2025-06-12T17:22:22.244467,True,medium
U614,developer,access_file,/hr/files,2025-06-12T17:22:22.244467,True,low
U401,developer,login,/admin/settings,2025-06-12T17:22:22.244467,True,low
U691,hr_manager,login,/hr/files,2025-06-12T17:22:22.244467,True,low
U706,developer,access_file,/admin/settings,2025-06-12T17:22:22.244467,True,low
U871,developer,change_password,/hr/files,2025-06-12T17:27:22.244467,True,medium
U728,admin,change_password,/finance/data1,2025-06-12T17:22:22.244467,True,high
U762,developer,delete_user,/hr/files,2025-06-12T17:27:22.244467,True,low
U124,developer,access_file,/dev/code1,2025-06-12T17:25:22.244467,True,low
U029,developer,access_file,/hr/files,2025-06-12T17:23:22.244467,True,low
U839,admin,access_file,/dev/code1,2025-06-12T17:27:22.244467,True,low
U365,admin,access_file,/admin/settings,2025-06-12T17:25:22.244467,True,low
U894,developer,change_password,/dev/code1,2025-06-12T17:25:22.244467,True,medium
U781,admin,delete_user,/dev/code1,2025-06-12T17:27:22.244467,True,low
U250,hr_manager,login,/admin/settings,2025-06-12T17:25:22.244467,True,low
U502,hr_manager,change_password,/dev/code1,2025-06-12T17:25:22.244467,True,medium
U852,admin,access_file,/dev/code1,2025-06-12T17:22:22.244467,True,low
U106,admin,change_password,/dev/code1,2025-06-12T17:22:22.244467,True,medium
U767,developer,change_password,/finance/data1,2025-06-12T17:25:22.244467,True,high
U541,admin,change_password,/admin/settings,2025-06-12T17:27:22.244467,True,medium
U492,hr_manager,login,/admin/settings,2025-06-12T17:22:22.244467,True,low
U335,admin,change_password,/admin/settings,2025-06-12T17:27:22.244467,True,medium
U371,admin,change_password,/hr/files,2025-06-12T17:26:22.244467,True,medium
U222,admin,login,/admin/settings,2025-06-12T17:27:22.244467,True,low
M083,admin,delete_user,/admin/settings,2025-06-12T17:22:22.244467,False,low
U267,hr_manager,login,/dev/code1,2025-06-12T17:23:22.244467,True,low
U369,developer,login,/dev/code1,2025-06-12T17:24:22.244467,True,low
M021,hr_manager,escalate_privilege,/finance/data1,2025-06-12T17:27:22.244467,True,high
M049,hr_manager,escalate_privilege,/admin/settings,2025-06-12T17:27:22.244467,True,low
U498,admin,change_password,/hr/files,2025-06-12T17:24:22.244467,True,medium
U342,developer,login,/admin/settings,2025-06-12T17:25:22.244467,True,low
U719,admin,change_password,/hr/files,2025-06-12T17:22:22.244467,True,medium
U070,developer,change_password,/finance/data1,2025-06-12T17:26:22.244467,True,high
M032,developer,delete_user,/hr/files,2025-06-12T17:25:22.244467,False,low
U656,admin,access_file,/admin/settings,2025-06-12T17:24:22.244467,True,low
U869,developer,change_password,/hr/files,2025-06-12T17:22:22.244467,True,medium
U246,admin,login,/hr/files,2025-06-12T17:24:22.244467,True,low
U054,hr_manager,delete_user,/hr/files,2025-06-12T17:26:22.244467,True,low
U128,hr_manager,change_password,/admin/settings,2025-06-12T17:26:22.244467,True,medium
M087,admin,escalate_privilege,/finance/data1,2025-06-12T17:22:22.244467,True,high
U081,hr_manager,login,/admin/settings,2025-06-12T17:24:22.244467,True,low
U274,admin,access_file,/admin/settings,2025-06-12T17:27:22.244467,True,low
U605,hr_manager,login,/dev/code1,2025-06-12T17:25:22.244467,True,low
U569,hr_manager,login,/finance/data1,2025-06-12T17:23:22.244467,True,high
U549,hr_manager,change_password,/admin/settings,2025-06-12T17:23:22.244467,True,medium
U625,admin,delete_user,/hr/files,2025-06-12T17:22:22.244467,True,low
U466,admin,change_password,/hr/files,2025-06-12T17:24:22.244467,True,medium
U688,hr_manager,access_file,/dev/code1,2025-06-12T17:26:22.244467,True,low
U823,developer,login,/finance/data1,2025-06-12T17:24:22.244467,True,high
U532,admin,change_password,/admin/settings,2025-06-12T17:23:22.244467,True,medium
U163,hr_manager,change_password,/hr/files,2025-06-12T17:26:22.244467,True,medium
U868,admin,change_password,/hr/files,2025-06-12T17:24:22.244467,True,medium
U828,hr_manager,access_file,/hr/files,2025-06-12T17:22:22.244467,True,low
U570,hr_manager,delete_user,/dev/code1,2025-06-12T17:23:22.244467,True,low
M043,hr_manager,delete_user,/hr/files,2025-06-12T17:26:22.244467,False,low
U542,admin,login,/dev/code1,2025-06-12T17:22:22.244467,True,low
U684,developer,access_file,/admin/settings,2025-06-12T17:25:22.244467,True,low
M002,developer,escalate_privilege,/admin/settings,2025-06-12T17:23:22.244467,True,low
U015,admin,login,/admin/settings,2025-06-12T17:23:22.244467,True,low
U321,admin,login,/dev/code1,2025-06-12T17:27:22.244467,True,low
U302,hr_manager,change_password,/hr/files,2025-06-12T17:22:22.244467,True,medium
U047,admin,change_password,/admin/settings,2025-06-12T17:23:22.244467,True,medium
U801,admin,delete_user,/finance/data1,2025-06-12T17:27:22.244467,True,high
U178,hr_manager,login,/hr/files,2025-06-12T17:25:22.244467,True,low
U293,developer,login,/dev/code1,2025-06-12T17:22:22.244467,True,low
U314,developer,login,/dev/code1,2025-06-12T17:27:22.244467,True,low
U548,admin,access_file,/admin/settings,2025-06-12T17:24:22.244467,True,low
U144,hr_manager,access_file,/admin/settings,2025-06-12T17:26:22.244467,True,low
U578,admin,delete_user,/admin/settings,2025-06-12T17:23:22.244467,True,low
M077,developer,delete_user,/hr/files,2025-06-12T17:23:22.244467,False,low
U394,admin,change_password,/admin/settings,2025-06-12T17:26:22.244467,True,medium
U540,developer,login,/hr/files,2025-06-12T17:27:22.244467,True,low
U612,admin,access_file,/admin/settings,2025-06-12T17:24:22.244467,True,low
U007,developer,escalate_privilege,/finance/data1,2025-06-12T17:24:22.244467,True,high
U898,developer,login,/hr/files,2025-06-12T17:24:22.244467,True,low
U043,developer,access_file,/admin/settings,2025-06-12T17:22:22.244467,True,low
M005,admin,escalate_privilege,/admin/settings,2025-06-12T17:23:22.244467,True,low
U169,hr_manager,change_password,/hr/files,2025-06-12T17:23:22.244467,True,medium
U380,hr_manager,login,/admin/settings,2025-06-12T17:22:22.244467,True,low
U366,admin,access_file,/finance/data1,2025-06-12T17:25:22.244467,True,high
U576,admin,login,/dev/code1,2025-06-12T17:23:22.244467,True,low
U651,developer,change_password,/finance/data1,2025-06-12T17:26:22.244467,True,high
U432,admin,login,/hr/files,2025-06-12T17:23:22.244467,True,low
U783,admin,change_password,/hr/files,2025-06-12T17:24:22.244467,True,medium
U019,developer,login,/admin/settings,2025-06-12T17:23:22.244467,True,low
U086,hr_manager,login,/dev/code1,2025-06-12T17:24:22.244467,True,low
U139,developer,login,/finance/data1,2025-06-12T17:27:22.244467,True,high
M053,developer,escalate_privilege,/hr/files,2025-06-12T17:25:22.244467,True,low
U306,hr_manager,escalate_privilege,/finance/data1,2025-06-12T17:27:22.244467,True,high
U256,developer,login,/admin/settings,2025-06-12T17:27:22.244467,True,low
U339,hr_manager,login,/finance/data1,2025-06-12T17:22:22.244467,True,high
U712,hr_manager,access_file,/hr/files,2025-06-12T17:27:22.244467,True,low
U045,developer,login,/finance/data1,2025-06-12T17:22:22.244467,True,high
U889,developer,login,/hr/files,2025-06-12T17:22:22.244467,True,low
U048,admin,login,/hr/files,2025-06-12T17:24:22.244467,True,low
U515,hr_manager,login,/dev/code1,2025-06-12T17:26:22.244467,True,low
U360,developer,access_file,/admin/settings,2025-06-12T17:26:22.244467,True,low
U367,hr_manager,access_file,/admin/settings,2025-06-12T17:27:22.244467,True,low
M020,admin,delete_user,/finance/data1,2025-06-12T17:27:22.244467,False,low
U854,hr_manager,login,/dev/code1,2025-06-12T17:27:22.244467,True,low
U479,hr_manager,change_password,/finance/data1,2025-06-12T17:26:22.244467,True,high
U697,developer,change_password,/hr/files,2025-06-12T17:22:22.244467,True,medium
U818,admin,login,/finance/data1,2025-06-12T17:27:22.244467,True,high
M092,developer,escalate_privilege,/admin/settings,2025-06-12T17:26:22.244467,True,low
U166,developer,login,/hr/files,2025-06-12T17:26:22.244467,True,low
U722,hr_manager,delete_user,/dev/code1,2025-06-12T17:26:22.244467,True,low
U277,hr_manager,change_password,/hr/files,2025-06-12T17:27:22.244467,True,medium
U454,developer,change_password,/hr/files,2025-06-12T17:23:22.244467,True,medium
M059,admin,delete_user,/finance/data1,2025-06-12T17:23:22.244467,False,low
U265,developer,login,/finance/data1,2025-06-12T17:27:22.244467,True,high
U566,hr_manager,login,/hr/files,2025-06-12T17:26:22.244467,True,low
U682,hr_manager,login,/finance/data1,2025-06-12T17:27:22.244467,True,high
U282,developer,login,/hr/files,2025-06-12T17:25:22.244467,True,low
U089,admin,access_file,/admin/settings,2025-06-12T17:24:22.244467,True,low
U876,admin,login,/hr/files,2025-06-12T17:23:22.244467,True,low
U812,admin,escalate_privilege,/hr/files,2025-06-12T17:23:22.244467,True,low
U345,admin,escalate_privilege,/dev/code1,2025-06-12T17:23:22.244467,True,low
U093,hr_manager,login,/finance/data1,2025-06-12T17:27:22.244467,True,high
U752,admin,login,/hr/files,2025-06-12T17:25:22.244467,True,low
M036,developer,delete_user,/dev/code1,2025-06-12T17:24:22.244467,False,low
U404,admin,login,/finance/data1,2025-06-12T17:25:22.244467,True,high
U658,developer,login,/hr/files,2025-06-12T17:23:22.244467,True,low
M017,admin,escalate_privilege,/finance/data1,2025-06-12T17:26:22.244467,True,high
U055,hr_manager,login,/finance/data1,2025-06-12T17:26:22.244467,True,high
U273,developer,login,/dev/code1,2025-06-12T17:25:22.244467,True,low
U681,developer,login,/admin/settings,2025-06-12T17:26:22.244467,True,low
U645,hr_manager,delete_user,/dev/code1,2025-06-12T17:25:22.244467,True,low
U390,hr_manager,change_password,/finance/data1,2025-06-12T17:24:22.244467,True,high
U017,developer,login,/hr/files,2025-06-12T17:22:22.244467,True,low
M098,developer,escalate_privilege,/admin/settings,2025-06-12T17:25:22.244467,True,low
M012,admin,delete_user,/dev/code1,2025-06-12T17:26:22.244467,False,low
U435,hr_manager,change_password,/admin/settings,2025-06-12T17:22:22.244467,True,medium
U104,hr_manager,access_file,/finance/data1,2025-06-12T17:25:22.244467,True,high
U461,hr_manager,access_file,/admin/settings,2025-06-12T17:22:22.244467,True,low
U501,admin,login,/admin/settings,2025-06-12T17:22:22.244467,True,low
U478,hr_manager,login,/dev/code1,2025-06-12T17:23:22.244467,True,low
U555,developer,access_file,/dev/code1,2025-06-12T17:25:22.244467,True,low
U344,hr_manager,login,/dev/code1,2025-06-12T17:26:22.244467,True,low
U216,hr_manager,change_password,/admin/settings,2025-06-12T17:27:22.244467,True,medium
U524,hr_manager,access_file,/admin/settings,2025-06-12T17:26:22.244467,True,low
U480,developer,escalate_privilege,/admin/settings,2025-06-12T17:23:22.244467,True,low
U400,admin,login,/finance/data1,2025-06-12T17:23:22.244467,True,high
U782,developer,access_file,/finance/data1,2025-06-12T17:24:22.244467,True,high
U304,hr_manager,login,/finance/data1,2025-06-12T17:27:22.244467,True,high
U529,developer,change_password,/admin/settings,2025-06-12T17:26:22.244467,True,medium
U417,hr_manager,change_password,/admin/settings,2025-06-12T17:27:22.244467,True,medium
U158,developer,login,/admin/settings,2025-06-12T17:23:22.244467,True,low
U084,admin,login,/admin/settings,2025-06-12T17:24:22.244467,True,low
U199,admin,access_file,/dev/code1,2025-06-12T17:24:22.244467,True,low
U500,hr_manager,change_password,/finance/data1,2025-06-12T17:26:22.244467,True,high
U254,hr_manager,login,/finance/data1,2025-06-12T17:24:22.244467,True,high
U627,developer,login,/finance/data1,2025-06-12T17:25:22.244467,True,high
U803,admin,change_password,/finance/data1,2025-06-12T17:23:22.244467,True,high
U482,admin,access_file,/finance/data1,2025-06-12T17:26:22.244467,True,high
U694,developer,change_password,/admin/settings,2025-06-12T17:26:22.244467,True,medium
U051,admin,login,/admin/settings,2025-06-12T17:23:22.244467,True,low
M024,admin,delete_user,/admin/settings,2025-06-12T17:27:22.244467,False,low
U334,admin,change_password,/admin/settings,2025-06-12T17:26:22.244467,True,medium
U775,developer,access_file,/finance/data1,2025-06-12T17:24:22.244467,True,high
U606,hr_manager,change_password,/admin/settings,2025-06-12T17:26:22.244467,True,medium
U831,hr_manager,access_file,/admin/settings,2025-06-12T17:27:22.244467,True,low
U445,developer,change_password,/dev/code1,2025-06-12T17:26:22.244467,True,medium
U174,hr_manager,login,/finance/data1,2025-06-12T17:23:22.244467,True,high
U442,developer,escalate_privilege,/admin/settings,2025-06-12T17:22:22.244467,True,low
U539,admin,access_file,/admin/settings,2025-06-12T17:25:22.244467,True,low
M004,admin,escalate_privilege,/hr/files,2025-06-12T17:27:22.244467,True,low
U023,admin,login,/dev/code1,2025-06-12T17:27:22.244467,True,low
U186,hr_manager,change_password,/dev/code1,2025-06-12T17:25:22.244467,True,medium
U779,admin,login,/dev/code1,2025-06-12T17:25:22.244467,True,low
M080,hr_manager,escalate_privilege,/finance/data1,2025-06-12T17:23:22.244467,True,high
U236,admin,change_password,/admin/settings,2025-06-12T17:27:22.244467,True,medium
U757,developer,access_file,/finance/data1,2025-06-12T17:25:22.244467,True,high
U251,admin,login,/admin/settings,2025-06-12T17:27:22.244467,True,low
U180,developer,login,/finance/data1,2025-06-12T17:24:22.244467,True,high
M090,developer,escalate_privilege,/finance/data1,2025-06-12T17:22:22.244467,True,high
U704,admin,delete_user,/hr/files,2025-06-12T17:26:22.244467,True,low
U607,admin,access_file,/finance/data1,2025-06-12T17:24:22.244467,True,high
U884,developer,login,/admin/settings,2025-06-12T17:22:22.244467,True,low
U298,hr_manager,access_file,/finance/data1,2025-06-12T17:24:22.244467,True,high
U038,admin,access_file,/finance/data1,2025-06-12T17:25:22.244467,True,high
U593,developer,login,/finance/data1,2025-06-12T17:26:22.244467,True,high
U194,hr_manager,login,/dev/code1,2025-06-12T17:22:22.244467,True,low
M027,admin,delete_user,/finance/data1,2025-06-12T17:24:22.244467,False,low
U013,admin,access_file,/hr/files,2025-06-12T17:26:22.244467,True,low
U448,developer,access_file,/admin/settings,2025-06-12T17:22:22.244467,True,low
U729,admin,delete_user,/hr/files,2025-06-12T17:27:22.244467,True,low
M068,developer,escalate_privilege,/hr/files,2025-06-12T17:27:22.244467,True,low
U503,admin,change_password,/finance/data1,2025-06-12T17:22:22.244467,True,high
U032,developer,login,/hr/files,2025-06-12T17:22:22.244467,True,low
U237,hr_manager,escalate_privilege,/finance/data1,2025-06-12T17:24:22.244467,True,high
U773,hr_manager,login,/hr/files,2025-06-12T17:26:22.244467,True,low
U789,admin,login,/hr/files,2025-06-12T17:23:22.244467,True,low
U622,developer,escalate_privilege,/finance/data1,2025-06-12T17:23:22.244467,True,high
U164,admin,login,/admin/settings,2025-06-12T17:27:22.244467,True,low
U090,developer,change_password,/finance/data1,2025-06-12T17:26:22.244467,True,high
U286,hr_manager,login,/dev/code1,2025-06-12T17:23:22.244467,True,low
U703,hr_manager,login,/finance/data1,2025-06-12T17:23:22.244467,True,high
U449,admin,access_file,/dev/code1,2025-06-12T17:26:22.244467,True,low
U392,developer,access_file,/admin/settings,2025-06-12T17:23:22.244467,True,low
U621,admin,login,/dev/code1,2025-06-12T17:23:22.244467,True,low
U527,developer,login,/admin/settings,2025-06-12T17:26:22.244467,True,low
U010,developer,login,/finance/data1,2025-06-12T17:25:22.244467,True,high
U057,developer,change_password,/dev/code1,2025-06-12T17:23:22.244467,True,medium
U165,admin,login,/finance/data1,2025-06-12T17:22:22.244467,True,high
U846,admin,change_password,/finance/data1,2025-06-12T17:25:22.244467,True,high
U357,developer,escalate_privilege,/hr/files,2025-06-12T17:23:22.244467,True,low
U233,hr_manager,delete_user,/finance/data1,2025-06-12T17:27:22.244467,True,high
U832,admin,login,/admin/settings,2025-06-12T17:22:22.244467,True,low
U680,admin,login,/hr/files,2025-06-12T17:26:22.244467,True,low
U111,admin,delete_user,/admin/settings,2025-06-12T17:23:22.244467,True,low
U138,admin,login,/dev/code1,2025-06-12T17:27:22.244467,True,low
U474,admin,change_password,/admin/settings,2025-06-12T17:26:22.244467,True,medium
U630,hr_manager,login,/admin/settings,2025-06-12T17:27:22.244467,True,low
U063,hr_manager,delete_user,/admin/settings,2025-06-12T17:27:22.244467,True,low
U280,developer,login,/admin/settings,2025-06-12T17:27:22.244467,True,low
M035,admin,delete_user,/admin/settings,2025-06-12T17:24:22.244467,False,low
U742,admin,access_file,/dev/code1,2025-06-12T17:22:22.244467,True,low
U301,admin,change_password,/finance/data1,2025-06-12T17:24:22.244467,True,high
U745,admin,login,/finance/data1,2025-06-12T17:23:22.244467,True,high
U748,admin,change_password,/dev/code1,2025-06-12T17:22:22.244467,True,medium
U238,admin,change_password,/hr/files,2025-06-12T17:27:22.244467,True,medium
U603,hr_manager,login,/hr/files,2025-06-12T17:26:22.244467,True,low
U879,hr_manager,change_password,/admin/settings,2025-06-12T17:27:22.244467,True,medium
U020,admin,access_file,/dev/code1,2025-06-12T17:27:22.244467,True,low
U147,hr_manager,change_password,/dev/code1,2025-06-12T17:22:22.244467,True,medium
U655,admin,login,/hr/files,2025-06-12T17:22:22.244467,True,low
U809,hr_manager,change_password,/finance/data1,2025-06-12T17:24:22.244467,True,high
U601,admin,login,/hr/files,2025-06-12T17:26:22.244467,True,low
U687,developer,login,/finance/data1,2025-06-12T17:22:22.244467,True,high
U634,admin,change_password,/finance/data1,2025-06-12T17:22:22.244467,True,high
U409,admin,change_password,/finance/data1,2025-06-12T17:26:22.244467,True,high
U140,hr_manager,login,/hr/files,2025-06-12T17:22:22.244467,True,low
U675,admin,change_password,/finance/data1,2025-06-12T17:24:22.244467,True,high
U044,developer,login,/finance/data1,2025-06-12T17:27:22.244467,True,high
U422,developer,login,/admin/settings,2025-06-12T17:23:22.244467,True,low
U843,admin,access_file,/dev/code1,2025-06-12T17:25:22.244467,True,low
U410,admin,login,/dev/code1,2025-06-12T17:25:22.244467,True,low
U005,hr_manager,access_file,/dev/code1,2025-06-12T17:23:22.244467,True,low
M056,developer,delete_user,/dev/code1,2025-06-12T17:25:22.244467,False,low
U880,admin,login,/hr/files,2025-06-12T17:24:22.244467,True,low
U826,hr_manager,delete_user,/finance/data1,2025-06-12T17:22:22.244467,True,high
U033,developer,change_password,/admin/settings,2025-06-12T17:24:22.244467,True,medium
U115,admin,access_file,/admin/settings,2025-06-12T17:22:22.244467,True,low
U227,hr_manager,change_password,/finance/data1,2025-06-12T17:26:22.244467,True,high
U885,hr_manager,escalate_privilege,/finance/data1,2025-06-12T17:27:22.244467,True,high
U840,hr_manager,access_file,/hr/files,2025-06-12T17:26:22.244467,True,low
M039,developer,delete_user,/hr/files,2025-06-12T17:27:22.244467,False,low
U333,hr_manager,change_password,/finance/data1,2025-06-12T17:25:22.244467,True,high
M089,admin,escalate_privilege,/hr/files,2025-06-12T17:23:22.244467,True,low
U718,hr_manager,access_file,/finance/data1,2025-06-12T17:22:22.244467,True,high
U149,hr_manager,access_file,/finance/data1,2025-06-12T17:26:22.244467,True,high
U604,hr_manager,change_password,/dev/code1,2025-06-12T17:22:22.244467,True,medium
U699,developer,change_password,/dev/code1,2025-06-12T17:27:22.244467,True,medium
M060,admin,escalate_privilege,/admin/settings,2025-06-12T17:25:22.244467,True,low
U264,hr_manager,access_file,/hr/files,2025-06-12T17:24:22.244467,True,low
U756,hr_manager,access_file,/hr/files,2025-06-12T17:25:22.244467,True,low
M069,admin,escalate_privilege,/hr/files,2025-06-12T17:23:22.244467,True,low
U543,developer,access_file,/finance/data1,2025-06-12T17:26:22.244467,True,high
U072,hr_manager,delete_user,/hr/files,2025-06-12T17:25:22.244467,True,low
U747,developer,change_password,/dev/code1,2025-06-12T17:26:22.244467,True,medium
U646,hr_manager,login,/finance/data1,2025-06-12T17:22:22.244467,True,high
U615,developer,access_file,/finance/data1,2025-06-12T17:26:22.244467,True,high
U105,hr_manager,delete_user,/dev/code1,2025-06-12T17:25:22.244467,True,low
U571,developer,login,/hr/files,2025-06-12T17:26:22.244467,True,low
U002,developer,login,/hr/files,2025-06-12T17:23:22.244467,True,low
U424,hr_manager,login,/dev/code1,2025-06-12T17:23:22.244467,True,low
U486,admin,access_file,/hr/files,2025-06-12T17:24:22.244467,True,low
U844,developer,access_file,/finance/data1,2025-06-12T17:25:22.244467,True,high
U121,admin,access_file,/admin/settings,2025-06-12T17:25:22.244467,True,low
M046,admin,delete_user,/dev/code1,2025-06-12T17:27:22.244467,False,low
U481,admin,login,/finance/data1,2025-06-12T17:22:22.244467,True,high
U153,admin,access_file,/admin/settings,2025-06-12T17:23:22.244467,True,low
U557,admin,login,/admin/settings,2025-06-12T17:24:22.244467,True,low
U740,hr_manager,login,/dev/code1,2025-06-12T17:26:22.244467,True,low
U024,admin,access_file,/hr/files,2025-06-12T17:22:22.244467,True,low
U260,hr_manager,change_password,/hr/files,2025-06-12T17:25:22.244467,True,medium
U585,developer,change_password,/hr/files,2025-06-12T17:26:22.244467,True,medium
M011,admin,escalate_privilege,/hr/files,2025-06-12T17:24:22.244467,True,low
U430,hr_manager,change_password,/admin/settings,2025-06-12T17:27:22.244467,True,medium
U577,admin,login,/admin/settings,2025-06-12T17:27:22.244467,True,low
U516,developer,delete_user,/dev/code1,2025-06-12T17:25:22.244467,True,low
U833,admin,login,/dev/code1,2025-06-12T17:23:22.244467,True,low
U101,hr_manager,access_file,/admin/settings,2025-06-12T17:26:22.244467,True,low
U268,developer,login,/admin/settings,2025-06-12T17:24:22.244467,True,low
U229,hr_manager,login,/finance/data1,2025-06-12T17:25:22.244467,True,high
U414,admin,login,/hr/files,2025-06-12T17:22:22.244467,True,low
U497,hr_manager,access_file,/admin/settings,2025-06-12T17:25:22.244467,True,low
M057,admin,delete_user,/finance/data1,2025-06-12T17:26:22.244467,False,low
U370,admin,login,/dev/code1,2025-06-12T17:23:22.244467,True,low
U122,developer,access_file,/dev/code1,2025-06-12T17:23:22.244467,True,low
U827,developer,login,/finance/data1,2025-06-12T17:22:22.244467,True,high
U811,developer,login,/hr/files,2025-06-12T17:23:22.244467,True,low
M093,developer,escalate_privilege,/hr/files,2025-06-12T17:27:22.244467,True,low
U654,developer,login,/admin/settings,2025-06-12T17:26:22.244467,True,low
U538,hr_manager,delete_user,/hr/files,2025-06-12T17:25:22.244467,True,low
U525,hr_manager,change_password,/hr/files,2025-06-12T17:24:22.244467,True,medium
U190,hr_manager,access_file,/finance/data1,2025-06-12T17:22:22.244467,True,high
U780,developer,access_file,/finance/data1,2025-06-12T17:25:22.244467,True,high
M033,admin,delete_user,/finance/data1,2025-06-12T17:23:22.244467,False,low
U215,developer,login,/finance/data1,2025-06-12T17:23:22.244467,True,high
U016,admin,login,/admin/settings,2025-06-12T17:27:22.244467,True,low
U218,admin,escalate_privilege,/finance/data1,2025-06-12T17:24:22.244467,True,high
U599,admin,change_password,/finance/data1,2025-06-12T17:22:22.244467,True,high
U317,hr_manager,login,/admin/settings,2025-06-12T17:23:22.244467,True,low
U069,admin,access_file,/admin/settings,2025-06-12T17:27:22.244467,True,low
M058,hr_manager,delete_user,/finance/data1,2025-06-12T17:22:22.244467,False,low
M013,developer,delete_user,/finance/data1,2025-06-12T17:25:22.244467,False,low
U507,developer,login,/dev/code1,2025-06-12T17:22:22.244467,True,low
U117,admin,login,/admin/settings,2025-06-12T17:22:22.244467,True,low
U883,hr_manager,access_file,/finance/data1,2025-06-12T17:23:22.244467,True,high
M044,developer,escalate_privilege,/hr/files,2025-06-12T17:27:22.244467,True,low
U146,hr_manager,change_password,/admin/settings,2025-06-12T17:25:22.244467,True,medium
U349,developer,login,/dev/code1,2025-06-12T17:24:22.244467,True,low
U407,admin,login,/dev/code1,2025-06-12T17:25:22.244467,True,low
U270,developer,change_password,/hr/files,2025-06-12T17:27:22.244467,True,medium
U402,developer,access_file,/finance/data1,2025-06-12T17:24:22.244467,True,high
U340,admin,access_file,/hr/files,2025-06-12T17:23:22.244467,True,low
U065,developer,login,/dev/code1,2025-06-12T17:25:22.244467,True,low
U192,admin,login,/admin/settings,2025-06-12T17:26:22.244467,True,low
U810,admin,login,/finance/data1,2025-06-12T17:22:22.244467,True,high
U590,developer,access_file,/finance/data1,2025-06-12T17:23:22.244467,True,high
U591,developer,access_file,/finance/data1,2025-06-12T17:26:22.244467,True,high
M085,developer,delete_user,/hr/files,2025-06-12T17:22:22.244467,False,low
U288,admin,escalate_privilege,/hr/files,2025-06-12T17:27:22.244467,True,low
U446,hr_manager,change_password,/finance/data1,2025-06-12T17:26:22.244467,True,high
U637,admin,change_password,/admin/settings,2025-06-12T17:27:22.244467,True,medium
U580,developer,change_password,/dev/code1,2025-06-12T17:22:22.244467,True,medium
U765,admin,access_file,/dev/code1,2025-06-12T17:25:22.244467,True,low
U127,hr_manager,escalate_privilege,/admin/settings,2025-06-12T17:22:22.244467,True,low
U610,developer,login,/hr/files,2025-06-12T17:25:22.244467,True,low
U567,admin,change_password,/dev/code1,2025-06-12T17:22:22.244467,True,medium
U472,hr_manager,escalate_privilege,/admin/settings,2025-06-12T17:22:22.244467,True,low
U155,admin,change_password,/dev/code1,2025-06-12T17:24:22.244467,True,medium
U443,hr_manager,login,/dev/code1,2025-06-12T17:27:22.244467,True,low
U100,developer,login,/finance/data1,2025-06-12T17:27:22.244467,True,high
U343,hr_manager,login,/dev/code1,2025-06-12T17:25:22.244467,True,low
M076,developer,delete_user,/dev/code1,2025-06-12T17:25:22.244467,False,low
U528,developer,login,/dev/code1,2025-06-12T17:24:22.244467,True,low
U103,hr_manager,change_password,/admin/settings,2025-06-12T17:25:22.244467,True,medium
U188,hr_manager,login,/dev/code1,2025-06-12T17:26:22.244467,True,low
U460,admin,login,/finance/data1,2025-06-12T17:23:22.244467,True,high
U629,hr_manager,change_password,/hr/files,2025-06-12T17:27:22.244467,True,medium
U353,developer,login,/dev/code1,2025-06-12T17:25:22.244467,True,low
U381,hr_manager,login,/finance/data1,2025-06-12T17:23:22.244467,True,high
U820,admin,change_password,/finance/data1,2025-06-12T17:27:22.244467,True,high
U698,hr_manager,access_file,/admin/settings,2025-06-12T17:24:22.244467,True,low
M025,developer,escalate_privilege,/admin/settings,2025-06-12T17:25:22.244467,True,low
U040,admin,login,/hr/files,2025-06-12T17:23:22.244467,True,low
U886,hr_manager,login,/admin/settings,2025-06-12T17:24:22.244467,True,low
M052,admin,escalate_privilege,/dev/code1,2025-06-12T17:26:22.244467,True,low
U389,developer,access_file,/hr/files,2025-06-12T17:25:22.244467,True,low
M042,hr_manager,escalate_privilege,/finance/data1,2025-06-12T17:24:22.244467,True,high
U860,admin,login,/dev/code1,2025-06-12T17:22:22.244467,True,low
U456,developer,change_password,/dev/code1,2025-06-12T17:26:22.244467,True,medium
M054,hr_manager,delete_user,/dev/code1,2025-06-12T17:24:22.244467,False,low
U427,admin,access_file,/admin/settings,2025-06-12T17:25:22.244467,True,low
U021,hr_manager,login,/finance/data1,2025-06-12T17:25:22.244467,True,high
U457,hr_manager,access_file,/admin/settings,2025-06-12T17:22:22.244467,True,low
U143,hr_manager,login,/hr/files,2025-06-12T17:26:22.244467,True,low
U874,developer,access_file,/hr/files,2025-06-12T17:25:22.244467,True,low
U290,admin,access_file,/hr/files,2025-06-12T17:23:22.244467,True,low
U073,admin,login,/finance/data1,2025-06-12T17:22:22.244467,True,high
U212,hr_manager,login,/hr/files,2025-06-12T17:24:22.244467,True,low
U037,admin,login,/admin/settings,2025-06-12T17:25:22.244467,True,low
U035,admin,login,/admin/settings,2025-06-12T17:25:22.244467,True,low
U088,hr_manager,access_file,/admin/settings,2025-06-12T17:27:22.244467,True,low
U226,admin,delete_user,/hr/files,2025-06-12T17:23:22.244467,True,low
U611,developer,login,/admin/settings,2025-06-12T17:23:22.244467,True,low
U834,hr_manager,escalate_privilege,/dev/code1,2025-06-12T17:24:22.244467,True,low
U743,admin,login,/hr/files,2025-06-12T17:24:22.244467,True,low
U470,admin,access_file,/finance/data1,2025-06-12T17:25:22.244467,True,high
U062,admin,access_file,/finance/data1,2025-06-12T17:26:22.244467,True,high
U350,admin,login,/admin/settings,2025-06-12T17:25:22.244467,True,low
U737,hr_manager,change_password,/admin/settings,2025-06-12T17:25:22.244467,True,medium
M097,hr_manager,escalate_privilege,/dev/code1,2025-06-12T17:25:22.244467,True,low
U230,admin,escalate_privilege,/finance/data1,2025-06-12T17:24:22.244467,True,high
U299,admin,access_file,/dev/code1,2025-06-12T17:27:22.244467,True,low
U197,hr_manager,access_file,/hr/files,2025-06-12T17:24:22.244467,True,low
U341,developer,access_file,/dev/code1,2025-06-12T17:22:22.244467,True,low
U067,hr_manager,change_password,/admin/settings,2025-06-12T17:27:22.244467,True,medium
M050,admin,escalate_privilege,/dev/code1,2025-06-12T17:23:22.244467,True,low
U202,admin,login,/finance/data1,2025-06-12T17:23:22.244467,True,high
U039,developer,delete_user,/hr/files,2025-06-12T17:26:22.244467,True,low
U659,hr_manager,login,/hr/files,2025-06-12T17:24:22.244467,True,low
U428,hr_manager,delete_user,/hr/files,2025-06-12T17:22:22.244467,True,low
U421,developer,access_file,/dev/code1,2025-06-12T17:23:22.244467,True,low
U714,hr_manager,delete_user,/admin/settings,2025-06-12T17:27:22.244467,True,low
U372,admin,change_password,/dev/code1,2025-06-12T17:27:22.244467,True,medium
U751,developer,access_file,/dev/code1,2025-06-12T17:23:22.244467,True,low
U518,hr_manager,login,/finance/data1,2025-06-12T17:24:22.244467,True,high
U465,developer,login,/finance/data1,2025-06-12T17:26:22.244467,True,high
U006,hr_manager,change_password,/dev/code1,2025-06-12T17:27:22.244467,True,medium
U095,developer,access_file,/dev/code1,2025-06-12T17:24:22.244467,True,low
U872,developer,login,/finance/data1,2025-06-12T17:27:22.244467,True,high
U856,developer,login,/hr/files,2025-06-12T17:24:22.244467,True,low
U855,admin,login,/finance/data1,2025-06-12T17:24:22.244467,True,high
U434,hr_manager,login,/finance/data1,2025-06-12T17:26:22.244467,True,high
U776,hr_manager,change_password,/hr/files,2025-06-12T17:27:22.244467,True,medium
U419,hr_manager,login,/finance/data1,2025-06-12T17:26:22.244467,True,high
U650,hr_manager,access_file,/finance/data1,2025-06-12T17:23:22.244467,True,high
M075,admin,delete_user,/finance/data1,2025-06-12T17:25:22.244467,False,low
U763,developer,access_file,/hr/files,2025-06-12T17:23:22.244467,True,low
U794,developer,login,/dev/code1,2025-06-12T17:26:22.244467,True,low
U509,hr_manager,login,/admin/settings,2025-06-12T17:27:22.244467,True,low
U672,admin,delete_user,/dev/code1,2025-06-12T17:22:22.244467,True,low
U322,hr_manager,login,/finance/data1,2025-06-12T17:24:22.244467,True,high
U361,developer,login,/dev/code1,2025-06-12T17:24:22.244467,True,low
U291,developer,login,/admin/settings,2025-06-12T17:25:22.244467,True,low
U323,admin,escalate_privilege,/hr/files,2025-06-12T17:26:22.244467,True,low
U378,admin,change_password,/admin/settings,2025-06-12T17:24:22.244467,True,medium
U426,hr_manager,login,/dev/code1,2025-06-12T17:26:22.244467,True,low
U726,developer,login,/hr/files,2025-06-12T17:23:22.244467,True,low
U882,developer,login,/admin/settings,2025-06-12T17:23:22.244467,True,low
M071,developer,delete_user,/finance/data1,2025-06-12T17:26:22.244467,False,low
U320,developer,access_file,/dev/code1,2025-06-12T17:22:22.244467,True,low
U636,hr_manager,escalate_privilege,/finance/data1,2025-06-12T17:22:22.244467,True,high
U896,admin,change_password,/finance/data1,2025-06-12T17:27:22.244467,True,high
U355,admin,delete_user,/dev/code1,2025-06-12T17:26:22.244467,True,low
U259,developer,login,/admin/settings,2025-06-12T17:24:22.244467,True,low
U318,developer,access_file,/dev/code1,2025-06-12T17:26:22.244467,True,low
M034,hr_manager,escalate_privilege,/dev/code1,2025-06-12T17:27:22.244467,True,low
U842,developer,access_file,/dev/code1,2025-06-12T17:24:22.244467,True,low
U235,developer,change_password,/admin/settings,2025-06-12T17:25:22.244467,True,medium
U638,admin,access_file,/hr/files,2025-06-12T17:27:22.244467,True,low
U385,developer,login,/admin/settings,2025-06-12T17:26:22.244467,True,low
M063,admin,delete_user,/finance/data1,2025-06-12T17:24:22.244467,False,low
U112,admin,change_password,/hr/files,2025-06-12T17:24:22.244467,True,medium
U154,admin,delete_user,/dev/code1,2025-06-12T17:27:22.244467,True,low
U488,developer,login,/hr/files,2025-06-12T17:24:22.244467,True,low
U326,admin,login,/hr/files,2025-06-12T17:27:22.244467,True,low
U788,hr_manager,change_password,/dev/code1,2025-06-12T17:26:22.244467,True,medium
U285,admin,login,/hr/files,2025-06-12T17:27:22.244467,True,low
M096,hr_manager,delete_user,/admin/settings,2025-06-12T17:22:22.244467,False,low
U866,developer,login,/admin/settings,2025-06-12T17:23:22.244467,True,low
U616,admin,access_file,/admin/settings,2025-06-12T17:22:22.244467,True,low
U172,hr_manager,login,/dev/code1,2025-06-12T17:26:22.244467,True,low
M066,developer,escalate_privilege,/admin/settings,2025-06-12T17:22:22.244467,True,low
U375,admin,access_file,/finance/data1,2025-06-12T17:27:22.244467,True,high
U755,admin,escalate_privilege,/admin/settings,2025-06-12T17:27:22.244467,True,low
U648,developer,login,/dev/code1,2025-06-12T17:27:22.244467,True,low
U309,developer,escalate_privilege,/dev/code1,2025-06-12T17:24:22.244467,True,low
U892,developer,access_file,/dev/code1,2025-06-12T17:24:22.244467,True,low
U119,developer,change_password,/hr/files,2025-06-12T17:23:22.244467,True,medium
U664,hr_manager,login,/admin/settings,2025-06-12T17:23:22.244467,True,low
M055,admin,escalate_privilege,/admin/settings,2025-06-12T17:23:22.244467,True,low
U677,developer,access_file,/admin/settings,2025-06-12T17:22:22.244467,True,low
U386,developer,change_password,/dev/code1,2025-06-12T17:25:22.244467,True,medium
U561,hr_manager,change_password,/dev/code1,2025-06-12T17:23:22.244467,True,medium
U666,hr_manager,change_password,/hr/files,2025-06-12T17:27:22.244467,True,medium
U373,hr_manager,login,/finance/data1,2025-06-12T17:26:22.244467,True,high
U792,hr_manager,change_password,/hr/files,2025-06-12T17:27:22.244467,True,medium
U623,hr_manager,login,/finance/data1,2025-06-12T17:23:22.244467,True,high
U319,developer,access_file,/dev/code1,2025-06-12T17:22:22.244467,True,low
M029,admin,delete_user,/finance/data1,2025-06-12T17:26:22.244467,False,low
U778,admin,change_password,/dev/code1,2025-06-12T17:24:22.244467,True,medium
U667,admin,access_file,/dev/code1,2025-06-12T17:25:22.244467,True,low
U807,admin,login,/admin/settings,2025-06-12T17:24:22.244467,True,low
U670,admin,access_file,/hr/files,2025-06-12T17:27:22.244467,True,low
U683,admin,change_password,/admin/settings,2025-06-12T17:26:22.244467,True,medium
U862,developer,change_password,/dev/code1,2025-06-12T17:24:22.244467,True,medium
U554,developer,change_password,/hr/files,2025-06-12T17:27:22.244467,True,medium
U249,hr_manager,access_file,/finance/data1,2025-06-12T17:26:22.244467,True,high
U727,hr_manager,escalate_privilege,/admin/settings,2025-06-12T17:25:22.244467,True,low
M078,hr_manager,delete_user,/admin/settings,2025-06-12T17:23:22.244467,False,low
U097,admin,login,/admin/settings,2025-06-12T17:22:22.244467,True,low
U888,developer,access_file,/admin/settings,2025-06-12T17:24:22.244467,True,low
U225,developer,login,/admin/settings,2025-06-12T17:27:22.244467,True,low
U271,admin,delete_user,/finance/data1,2025-06-12T17:25:22.244467,True,high
U203,hr_manager,login,/admin/settings,2025-06-12T17:22:22.244467,True,low
U358,hr_manager,login,/finance/data1,2025-06-12T17:23:22.244467,True,high
U640,developer,login,/finance/data1,2025-06-12T17:22:22.244467,True,high
U536,admin,delete_user,/admin/settings,2025-06-12T17:27:22.244467,True,low
U774,developer,access_file,/hr/files,2025-06-12T17:26:22.244467,True,low
U439,hr_manager,access_file,/admin/settings,2025-06-12T17:26:22.244467,True,low
M019,hr_manager,escalate_privilege,/hr/files,2025-06-12T17:26:22.244467,True,low
U179,admin,change_password,/hr/files,2025-06-12T17:25:22.244467,True,medium
U890,admin,access_file,/finance/data1,2025-06-12T17:25:22.244467,True,high
U464,developer,login,/dev/code1,2025-06-12T17:27:22.244467,True,low
U026,developer,access_file,/dev/code1,2025-06-12T17:26:22.244467,True,low
U608,developer,login,/hr/files,2025-06-12T17:27:22.244467,True,low
U148,hr_manager,access_file,/dev/code1,2025-06-12T17:22:22.244467,True,low
U362,admin,delete_user,/dev/code1,2025-06-12T17:22:22.244467,True,low
U547,hr_manager,access_file,/hr/files,2025-06-12T17:22:22.244467,True,low
U705,hr_manager,login,/admin/settings,2025-06-12T17:25:22.244467,True,low
U161,hr_manager,access_file,/dev/code1,2025-06-12T17:23:22.244467,True,low
U296,hr_manager,access_file,/dev/code1,2025-06-12T17:23:22.244467,True,low
M015,developer,escalate_privilege,/admin/settings,2025-06-12T17:26:22.244467,True,low
U455,developer,access_file,/finance/data1,2025-06-12T17:23:22.244467,True,high
U575,developer,access_file,/finance/data1,2025-06-12T17:23:22.244467,True,high
U560,admin,access_file,/hr/files,2025-06-12T17:24:22.244467,True,low
U091,hr_manager,escalate_privilege,/dev/code1,2025-06-12T17:23:22.244467,True,low
U332,hr_manager,login,/finance/data1,2025-06-12T17:27:22.244467,True,high
U693,hr_manager,login,/admin/settings,2025-06-12T17:24:22.244467,True,low
U770,developer,change_password,/admin/settings,2025-06-12T17:23:22.244467,True,medium
U278,developer,access_file,/hr/files,2025-06-12T17:26:22.244467,True,low
M014,admin,delete_user,/hr/files,2025-06-12T17:24:22.244467,False,low
U191,admin,login,/finance/data1,2025-06-12T17:22:22.244467,True,high
U545,admin,delete_user,/admin/settings,2025-06-12T17:22:22.244467,True,low
U098,admin,login,/admin/settings,2025-06-12T17:23:22.244467,True,low
U210,hr_manager,change_password,/hr/files,2025-06-12T17:22:22.244467,True,medium
U734,admin,login,/dev/code1,2025-06-12T17:24:22.244467,True,low
U076,admin,escalate_privilege,/admin/settings,2025-06-12T17:26:22.244467,True,low
U477,hr_manager,login,/hr/files,2025-06-12T17:27:22.244467,True,low
U628,hr_manager,delete_user,/admin/settings,2025-06-12T17:27:22.244467,True,low
U589,developer,access_file,/finance/data1,2025-06-12T17:26:22.244467,True,high
U837,hr_manager,change_password,/dev/code1,2025-06-12T17:22:22.244467,True,medium
U418,developer,access_file,/admin/settings,2025-06-12T17:24:22.244467,True,low
U573,admin,login,/finance/data1,2025-06-12T17:26:22.244467,True,high
U364,admin,escalate_privilege,/dev/code1,2025-06-12T17:25:22.244467,True,low
M026,hr_manager,delete_user,/dev/code1,2025-06-12T17:27:22.244467,False,low
M088,developer,delete_user,/finance/data1,2025-06-12T17:26:22.244467,False,low
U863,hr_manager,access_file,/dev/code1,2025-06-12T17:25:22.244467,True,low
U030,admin,access_file,/admin/settings,2025-06-12T17:22:22.244467,True,low
U730,hr_manager,login,/finance/data1,2025-06-12T17:24:22.244467,True,high
U001,hr_manager,change_password,/hr/files,2025-06-12T17:24:22.244467,True,medium
U359,hr_manager,delete_user,/hr/files,2025-06-12T17:26:22.244467,True,low
U519,developer,delete_user,/finance/data1,2025-06-12T17:24:22.244467,True,high
U720,hr_manager,access_file,/admin/settings,2025-06-12T17:22:22.244467,True,low
U595,developer,login,/finance/data1,2025-06-12T17:26:22.244467,True,high
U387,developer,login,/finance/data1,2025-06-12T17:24:22.244467,True,high
U330,developer,access_file,/finance/data1,2025-06-12T17:26:22.244467,True,high
U108,admin,login,/dev/code1,2025-06-12T17:27:22.244467,True,low
U159,developer,login,/dev/code1,2025-06-12T17:25:22.244467,True,low
U324,hr_manager,access_file,/hr/files,2025-06-12T17:25:22.244467,True,low
U853,developer,access_file,/dev/code1,2025-06-12T17:26:22.244467,True,low
U702,admin,login,/finance/data1,2025-06-12T17:22:22.244467,True,high
U692,developer,access_file,/hr/files,2025-06-12T17:24:22.244467,True,low
U080,admin,change_password,/finance/data1,2025-06-12T17:25:22.244467,True,high
U157,developer,login,/admin/settings,2025-06-12T17:27:22.244467,True,low
U413,admin,login,/admin/settings,2025-06-12T17:23:22.244467,True,low
U346,developer,access_file,/finance/data1,2025-06-12T17:22:22.244467,True,high
U850,developer,login,/finance/data1,2025-06-12T17:24:22.244467,True,high
U565,admin,login,/hr/files,2025-06-12T17:24:22.244467,True,low
U644,developer,login,/admin/settings,2025-06-12T17:23:22.244467,True,low
U315,hr_manager,login,/dev/code1,2025-06-12T17:26:22.244467,True,low
U813,admin,change_password,/hr/files,2025-06-12T17:27:22.244467,True,medium
U736,hr_manager,access_file,/finance/data1,2025-06-12T17:22:22.244467,True,high
U468,hr_manager,delete_user,/hr/files,2025-06-12T17:23:22.244467,True,low
U724,developer,delete_user,/finance/data1,2025-06-12T17:24:22.244467,True,high
U707,admin,access_file,/hr/files,2025-06-12T17:26:22.244467,True,low
U534,admin,login,/dev/code1,2025-06-12T17:25:22.244467,True,low
M067,admin,escalate_privilege,/dev/code1,2025-06-12T17:25:22.244467,True,low
U469,developer,login,/dev/code1,2025-06-12T17:25:22.244467,True,low
U415,hr_manager,change_password,/admin/settings,2025-06-12T17:25:22.244467,True,medium
U027,developer,access_file,/hr/files,2025-06-12T17:26:22.244467,True,low
U899,admin,login,/finance/data1,2025-06-12T17:22:22.244467,True,high
M023,admin,delete_user,/hr/files,2025-06-12T17:27:22.244467,False,low
U125,hr_manager,delete_user,/dev/code1,2025-06-12T17:26:22.244467,True,low
U802,developer,access_file,/dev/code1,2025-06-12T17:27:22.244467,True,low
U162,admin,access_file,/admin/settings,2025-06-12T17:25:22.244467,True,low
M040,admin,escalate_privilege,/dev/code1,2025-06-12T17:27:22.244467,True,low
U433,developer,escalate_privilege,/dev/code1,2025-06-12T17:24:22.244467,True,low
U352,developer,access_file,/dev/code1,2025-06-12T17:24:22.244467,True,low
U725,hr_manager,login,/admin/settings,2025-06-12T17:27:22.244467,True,low
U231,hr_manager,change_password,/finance/data1,2025-06-12T17:25:22.244467,True,high
U764,admin,delete_user,/admin/settings,2025-06-12T17:25:22.244467,True,low
U584,admin,access_file,/dev/code1,2025-06-12T17:27:22.244467,True,low
U136,developer,delete_user,/dev/code1,2025-06-12T17:24:22.244467,True,low
U473,hr_manager,change_password,/admin/settings,2025-06-12T17:25:22.244467,True,medium
U881,developer,access_file,/dev/code1,2025-06-12T17:27:22.244467,True,low
U376,admin,login,/hr/files,2025-06-12T17:25:22.244467,True,low
M038,admin,delete_user,/admin/settings,2025-06-12T17:27:22.244467,False,low
U572,hr_manager,delete_user,/dev/code1,2025-06-12T17:22:22.244467,True,low
M048,hr_manager,delete_user,/admin/settings,2025-06-12T17:25:22.244467,False,low
U760,hr_manager,access_file,/hr/files,2025-06-12T17:24:22.244467,True,low
U074,developer,access_file,/finance/data1,2025-06-12T17:22:22.244467,True,high
U398,hr_manager,change_password,/finance/data1,2025-06-12T17:24:22.244467,True,high
U099,hr_manager,login,/hr/files,2025-06-12T17:22:22.244467,True,low
U754,developer,access_file,/finance/data1,2025-06-12T17:25:22.244467,True,high
U102,hr_manager,access_file,/dev/code1,2025-06-12T17:26:22.244467,True,low
U586,admin,change_password,/admin/settings,2025-06-12T17:23:22.244467,True,medium
U060,developer,change_password,/finance/data1,2025-06-12T17:26:22.244467,True,high
U000,admin,login,/finance/data1,2025-06-12T17:24:22.244467,True,high
U113,developer,login,/hr/files,2025-06-12T17:23:22.244467,True,low
U508,developer,login,/admin/settings,2025-06-12T17:22:22.244467,True,low
U759,developer,access_file,/admin/settings,2025-06-12T17:24:22.244467,True,low
U068,developer,login,/hr/files,2025-06-12T17:23:22.244467,True,low
U116,hr_manager,escalate_privilege,/admin/settings,2025-06-12T17:24:22.244467,True,low
U523,developer,login,/finance/data1,2025-06-12T17:23:22.244467,True,high
U878,hr_manager,change_password,/dev/code1,2025-06-12T17:24:22.244467,True,medium
U356,hr_manager,change_password,/hr/files,2025-06-12T17:24:22.244467,True,medium
U825,developer,escalate_privilege,/finance/data1,2025-06-12T17:27:22.244467,True,high
M064,hr_manager,escalate_privilege,/admin/settings,2025-06-12T17:27:22.244467,True,low
U700,hr_manager,login,/admin/settings,2025-06-12T17:22:22.244467,True,low
U245,hr_manager,login,/finance/data1,2025-06-12T17:27:22.244467,True,high
U733,admin,login,/admin/settings,2025-06-12T17:24:22.244467,True,low
U279,developer,login,/admin/settings,2025-06-12T17:22:22.244467,True,low
U201,hr_manager,delete_user,/finance/data1,2025-06-12T17:23:22.244467,True,high
U399,admin,change_password,/hr/files,2025-06-12T17:27:22.244467,True,medium
U412,hr_manager,delete_user,/dev/code1,2025-06-12T17:26:22.244467,True,low
U517,developer,login,/finance/data1,2025-06-12T17:26:22.244467,True,high
U071,hr_manager,change_password,/hr/files,2025-06-12T17:24:22.244467,True,medium
U441,developer,login,/dev/code1,2025-06-12T17:26:22.244467,True,low
U416,hr_manager,login,/dev/code1,2025-06-12T17:26:22.244467,True,low
U189,developer,login,/hr/files,2025-06-12T17:26:22.244467,True,low
M099,admin,delete_user,/admin/settings,2025-06-12T17:26:22.244467,False,low
U444,developer,login,/hr/files,2025-06-12T17:24:22.244467,True,low
M008,developer,delete_user,/admin/settings,2025-06-12T17:27:22.244467,False,low
U490,hr_manager,change_password,/finance/data1,2025-06-12T17:24:22.244467,True,high
U877,developer,access_file,/dev/code1,2025-06-12T17:24:22.244467,True,low
U864,admin,access_file,/finance/data1,2025-06-12T17:23:22.244467,True,high
U761,admin,login,/finance/data1,2025-06-12T17:22:22.244467,True,high
U520,hr_manager,access_file,/dev/code1,2025-06-12T17:27:22.244467,True,low
U785,admin,login,/hr/files,2025-06-12T17:23:22.244467,True,low
U583,developer,delete_user,/finance/data1,2025-06-12T17:26:22.244467,True,high
U830,admin,access_file,/hr/files,2025-06-12T17:26:22.244467,True,low
U558,developer,login,/dev/code1,2025-06-12T17:25:22.244467,True,low
U568,admin,change_password,/dev/code1,2025-06-12T17:22:22.244467,True,medium
U012,developer,change_password,/finance/data1,2025-06-12T17:25:22.244467,True,high
U816,admin,change_password,/finance/data1,2025-06-12T17:22:22.244467,True,high
U393,hr_manager,access_file,/dev/code1,2025-06-12T17:23:22.244467,True,low
U206,admin,login,/admin/settings,2025-06-12T17:22:22.244467,True,low
U312,developer,access_file,/dev/code1,2025-06-12T17:24:22.244467,True,low
U316,hr_manager,login,/finance/data1,2025-06-12T17:23:22.244467,True,high
U660,admin,change_password,/admin/settings,2025-06-12T17:22:22.244467,True,medium
M031,hr_manager,escalate_privilege,/finance/data1,2025-06-12T17:27:22.244467,True,high
U652,developer,login,/dev/code1,2025-06-12T17:27:22.244467,True,low
U662,admin,login,/dev/code1,2025-06-12T17:27:22.244467,True,low
U744,admin,change_password,/finance/data1,2025-06-12T17:22:22.244467,True,high
U602,admin,access_file,/finance/data1,2025-06-12T17:25:22.244467,True,high
U064,hr_manager,access_file,/dev/code1,2025-06-12T17:26:22.244467,True,low
U696,developer,access_file,/admin/settings,2025-06-12T17:23:22.244467,True,low
U183,hr_manager,login,/finance/data1,2025-06-12T17:22:22.244467,True,high
U184,developer,access_file,/admin/settings,2025-06-12T17:22:22.244467,True,low
U137,hr_manager,change_password,/finance/data1,2025-06-12T17:23:22.244467,True,high
U796,admin,access_file,/hr/files,2025-06-12T17:24:22.244467,True,low
U167,admin,access_file,/dev/code1,2025-06-12T17:27:22.244467,True,low
U635,developer,access_file,/hr/files,2025-06-12T17:23:22.244467,True,low
U713,developer,login,/admin/settings,2025-06-12T17:24:22.244467,True,low
U563,hr_manager,login,/finance/data1,2025-06-12T17:25:22.244467,True,high
U193,hr_manager,access_file,/finance/data1,2025-06-12T17:26:22.244467,True,high
U689,developer,login,/admin/settings,2025-06-12T17:24:22.244467,True,low
U452,admin,login,/finance/data1,2025-06-12T17:27:22.244467,True,high
U639,developer,access_file,/dev/code1,2025-06-12T17:23:22.244467,True,low
U220,developer,login,/dev/code1,2025-06-12T17:23:22.244467,True,low
U596,developer,login,/dev/code1,2025-06-12T17:23:22.244467,True,low
U396,developer,login,/dev/code1,2025-06-12T17:25:22.244467,True,low
U085,hr_manager,access_file,/finance/data1,2025-06-12T17:23:22.244467,True,high
U397,admin,login,/finance/data1,2025-06-12T17:22:22.244467,True,high
U859,developer,access_file,/finance/data1,2025-06-12T17:25:22.244467,True,high
U354,admin,login,/admin/settings,2025-06-12T17:23:22.244467,True,low
U232,developer,login,/dev/code1,2025-06-12T17:27:22.244467,True,low
U838,hr_manager,delete_user,/hr/files,2025-06-12T17:26:22.244467,True,low
U499,admin,change_password,/finance/data1,2025-06-12T17:25:22.244467,True,high
U814,hr_manager,delete_user,/finance/data1,2025-06-12T17:24:22.244467,True,high
U395,admin,access_file,/dev/code1,2025-06-12T17:23:22.244467,True,low
U669,developer,access_file,/finance/data1,2025-06-12T17:23:22.244467,True,high
U135,hr_manager,login,/admin/settings,2025-06-12T17:23:22.244467,True,low
U530,hr_manager,login,/admin/settings,2025-06-12T17:23:22.244467,True,low
U171,developer,change_password,/finance/data1,2025-06-12T17:22:22.244467,True,high
U806,hr_manager,login,/hr/files,2025-06-12T17:24:22.244467,True,low
U533,developer,change_password,/hr/files,2025-06-12T17:23:22.244467,True,medium
U325,hr_manager,login,/finance/data1,2025-06-12T17:22:22.244467,True,high
M028,admin,escalate_privilege,/finance/data1,2025-06-12T17:24:22.244467,True,high
U253,admin,login,/hr/files,2025-06-12T17:24:22.244467,True,low
U269,admin,login,/admin/settings,2025-06-12T17:27:22.244467,True,low
U556,developer,escalate_privilege,/hr/files,2025-06-12T17:25:22.244467,True,low
U495,developer,change_password,/admin/settings,2025-06-12T17:22:22.244467,True,medium
U348,developer,change_password,/admin/settings,2025-06-12T17:22:22.244467,True,medium
U641,hr_manager,login,/dev/code1,2025-06-12T17:26:22.244467,True,low
U790,admin,delete_user,/hr/files,2025-06-12T17:23:22.244467,True,low
U897,developer,login,/hr/files,2025-06-12T17:25:22.244467,True,low
U484,developer,login,/dev/code1,2025-06-12T17:26:22.244467,True,low
U506,hr_manager,login,/admin/settings,2025-06-12T17:22:22.244467,True,low
U749,admin,access_file,/dev/code1,2025-06-12T17:23:22.244467,True,low
U797,developer,login,/admin/settings,2025-06-12T17:23:22.244467,True,low
M094,developer,escalate_privilege,/dev/code1,2025-06-12T17:25:22.244467,True,low
U496,developer,change_password,/admin/settings,2025-06-12T17:26:22.244467,True,medium
U141,admin,change_password,/dev/code1,2025-06-12T17:22:22.244467,True,medium
U311,hr_manager,change_password,/hr/files,2025-06-12T17:22:22.244467,True,medium
U701,admin,change_password,/admin/settings,2025-06-12T17:25:22.244467,True,medium
U058,hr_manager,login,/admin/settings,2025-06-12T17:22:22.244467,True,low
U513,developer,login,/finance/data1,2025-06-12T17:22:22.244467,True,high
U673,admin,login,/dev/code1,2025-06-12T17:23:22.244467,True,low
U458,hr_manager,login,/finance/data1,2025-06-12T17:27:22.244467,True,high
U338,admin,escalate_privilege,/admin/settings,2025-06-12T17:23:22.244467,True,low
U600,developer,change_password,/finance/data1,2025-06-12T17:22:22.244467,True,high
U562,developer,access_file,/admin/settings,2025-06-12T17:27:22.244467,True,low
M070,developer,delete_user,/finance/data1,2025-06-12T17:23:22.244467,False,low
U079,hr_manager,access_file,/dev/code1,2025-06-12T17:24:22.244467,True,low
U771,admin,change_password,/hr/files,2025-06-12T17:27:22.244467,True,medium
U003,admin,access_file,/finance/data1,2025-06-12T17:22:22.244467,True,high
U851,admin,login,/finance/data1,2025-06-12T17:24:22.244467,True,high
U244,admin,access_file,/finance/data1,2025-06-12T17:26:22.244467,True,high
U440,hr_manager,access_file,/admin/settings,2025-06-12T17:22:22.244467,True,low
U588,developer,change_password,/hr/files,2025-06-12T17:27:22.244467,True,medium
M000,developer,escalate_privilege,/finance/data1,2025-06-12T17:24:22.244467,True,high
U351,admin,change_password,/finance/data1,2025-06-12T17:27:22.244467,True,high
U710,hr_manager,delete_user,/dev/code1,2025-06-12T17:23:22.244467,True,low
U009,admin,change_password,/hr/files,2025-06-12T17:26:22.244467,True,medium
U053,developer,access_file,/admin/settings,2025-06-12T17:23:22.244467,True,low
U050,hr_manager,delete_user,/admin/settings,2025-06-12T17:24:22.244467,True,low
U196,hr_manager,delete_user,/hr/files,2025-06-12T17:22:22.244467,True,low
U822,developer,access_file,/admin/settings,2025-06-12T17:23:22.244467,True,low
U620,admin,change_password,/hr/files,2025-06-12T17:22:22.244467,True,medium
U531,developer,access_file,/hr/files,2025-06-12T17:26:22.244467,True,low
U034,admin,login,/hr/files,2025-06-12T17:22:22.244467,True,low
U579,admin,login,/dev/code1,2025-06-12T17:23:22.244467,True,low
U046,hr_manager,login,/finance/data1,2025-06-12T17:27:22.244467,True,high
U661,hr_manager,escalate_privilege,/hr/files,2025-06-12T17:27:22.244467,True,low
U110,admin,access_file,/admin/settings,2025-06-12T17:26:22.244467,True,low
U423,admin,login,/dev/code1,2025-06-12T17:27:22.244467,True,low
U717,developer,login,/finance/data1,2025-06-12T17:27:22.244467,True,high
U133,admin,change_password,/dev/code1,2025-06-12T17:22:22.244467,True,medium
M009,developer,delete_user,/hr/files,2025-06-12T17:27:22.244467,False,low
U848,developer,access_file,/dev/code1,2025-06-12T17:27:22.244467,True,low
U537,admin,delete_user,/admin/settings,2025-06-12T17:27:22.244467,True,low
M086,hr_manager,escalate_privilege,/finance/data1,2025-06-12T17:27:22.244467,True,high
U510,admin,login,/finance/data1,2025-06-12T17:27:22.244467,True,high
M065,admin,escalate_privilege,/dev/code1,2025-06-12T17:27:22.244467,True,low
U731,developer,access_file,/admin/settings,2025-06-12T17:26:22.244467,True,low
U377,developer,login,/dev/code1,2025-06-12T17:23:22.244467,True,low
U406,hr_manager,access_file,/dev/code1,2025-06-12T17:22:22.244467,True,low
U642,admin,login,/hr/files,2025-06-12T17:26:22.244467,True,low
U131,hr_manager,change_password,/dev/code1,2025-06-12T17:27:22.244467,True,medium
U200,developer,access_file,/dev/code1,2025-06-12T17:22:22.244467,True,low
U835,hr_manager,access_file,/finance/data1,2025-06-12T17:24:22.244467,True,high
U011,developer,change_password,/finance/data1,2025-06-12T17:27:22.244467,True,high
U668,admin,access_file,/hr/files,2025-06-12T17:27:22.244467,True,low
U014,admin,login,/dev/code1,2025-06-12T17:22:22.244467,True,low
U836,developer,login,/admin/settings,2025-06-12T17:24:22.244467,True,low
U263,developer,escalate_privilege,/dev/code1,2025-06-12T17:24:22.244467,True,low
U129,admin,login,/admin/settings,2025-06-12T17:22:22.244467,True,low
U550,hr_manager,login,/hr/files,2025-06-12T17:22:22.244467,True,low
U758,admin,login,/admin/settings,2025-06-12T17:27:22.244467,True,low
U800,hr_manager,escalate_privilege,/dev/code1,2025-06-12T17:23:22.244467,True,low
U711,hr_manager,change_password,/admin/settings,2025-06-12T17:26:22.244467,True,medium
U266,hr_manager,access_file,/admin/settings,2025-06-12T17:27:22.244467,True,low
U721,developer,login,/finance/data1,2025-06-12T17:26:22.244467,True,high
U633,admin,change_password,/dev/code1,2025-06-12T17:25:22.244467,True,medium
U626,hr_manager,escalate_privilege,/admin/settings,2025-06-12T17:27:22.244467,True,low
U808,admin,access_file,/admin/settings,2025-06-12T17:22:22.244467,True,low
U109,developer,login,/admin/settings,2025-06-12T17:23:22.244467,True,low
U211,developer,change_password,/finance/data1,2025-06-12T17:23:22.244467,True,high
U769,developer,access_file,/finance/data1,2025-06-12T17:26:22.244467,True,high
U083,developer,change_password,/admin/settings,2025-06-12T17:26:22.244467,True,medium
U551,hr_manager,login,/dev/code1,2025-06-12T17:25:22.244467,True,low
U685,hr_manager,access_file,/admin/settings,2025-06-12T17:26:22.244467,True,low
U092,admin,access_file,/admin/settings,2025-06-12T17:27:22.244467,True,low
M091,developer,delete_user,/dev/code1,2025-06-12T17:27:22.244467,False,low
U805,hr_manager,delete_user,/dev/code1,2025-06-12T17:27:22.244467,True,low
U493,hr_manager,login,/finance/data1,2025-06-12T17:24:22.244467,True,high
M079,developer,delete_user,/finance/data1,2025-06-12T17:27:22.244467,False,low
U772,admin,login,/hr/files,2025-06-12T17:22:22.244467,True,low
U347,hr_manager,change_password,/admin/settings,2025-06-12T17:24:22.244467,True,medium
U865,admin,access_file,/hr/files,2025-06-12T17:27:22.244467,True,low
M001,hr_manager,escalate_privilege,/finance/data1,2025-06-12T17:27:22.244467,True,high
U559,admin,login,/admin/settings,2025-06-12T17:27:22.244467,True,low
U574,developer,login,/admin/settings,2025-06-12T17:24:22.244467,True,low
U310,admin,escalate_privilege,/admin/settings,2025-06-12T17:22:22.244467,True,low
M095,admin,delete_user,/hr/files,2025-06-12T17:22:22.244467,False,low
M037,developer,escalate_privilege,/finance/data1,2025-06-12T17:23:22.244467,True,high
U151,hr_manager,change_password,/finance/data1,2025-06-12T17:24:22.244467,True,high
U582,developer,access_file,/hr/files,2025-06-12T17:23:22.244467,True,low
U674,developer,login,/dev/code1,2025-06-12T17:25:22.244467,True,low
U746,developer,escalate_privilege,/hr/files,2025-06-12T17:25:22.244467,True,low
U491,admin,change_password,/admin/settings,2025-06-12T17:27:22.244467,True,medium
U845,developer,login,/hr/files,2025-06-12T17:24:22.244467,True,low
U824,admin,access_file,/admin/settings,2025-06-12T17:23:22.244467,True,low
U598,developer,access_file,/hr/files,2025-06-12T17:25:22.244467,True,low
U382,admin,login,/dev/code1,2025-06-12T17:27:22.244467,True,low
U671,hr_manager,login,/admin/settings,2025-06-12T17:25:22.244467,True,low
U819,admin,access_file,/dev/code1,2025-06-12T17:26:22.244467,True,low
U036,hr_manager,login,/dev/code1,2025-06-12T17:27:22.244467,True,low
U292,admin,login,/admin/settings,2025-06-12T17:25:22.244467,True,low
M081,admin,delete_user,/admin/settings,2025-06-12T17:22:22.244467,False,low
U248,admin,access_file,/admin/settings,2025-06-12T17:25:22.244467,True,low
U134,hr_manager,access_file,/dev/code1,2025-06-12T17:25:22.244467,True,low
U077,hr_manager,change_password,/dev/code1,2025-06-12T17:24:22.244467,True,medium
U708,admin,change_password,/dev/code1,2025-06-12T17:23:22.244467,True,medium
U061,developer,change_password,/finance/data1,2025-06-12T17:22:22.244467,True,high
U665,admin,login,/admin/settings,2025-06-12T17:24:22.244467,True,low
U224,developer,change_password,/dev/code1,2025-06-12T17:23:22.244467,True,medium
U408,admin,delete_user,/finance/data1,2025-06-12T17:23:22.244467,True,high
U313,hr_manager,access_file,/admin/settings,2025-06-12T17:26:22.244467,True,low
U514,hr_manager,access_file,/dev/code1,2025-06-12T17:22:22.244467,True,low
U252,admin,change_password,/hr/files,2025-06-12T17:22:22.244467,True,medium
U374,developer,change_password,/hr/files,2025-06-12T17:22:22.244467,True,medium
U739,admin,access_file,/hr/files,2025-06-12T17:27:22.244467,True,low
U042,admin,login,/dev/code1,2025-06-12T17:24:22.244467,True,low
U305,hr_manager,delete_user,/hr/files,2025-06-12T17:25:22.244467,True,low
U690,admin,access_file,/admin/settings,2025-06-12T17:27:22.244467,True,low
U028,developer,login,/dev/code1,2025-06-12T17:22:22.244467,True,low
U368,developer,access_file,/admin/settings,2025-06-12T17:24:22.244467,True,low
U049,developer,delete_user,/admin/settings,2025-06-12T17:26:22.244467,True,low
U867,hr_manager,login,/hr/files,2025-06-12T17:27:22.244467,True,low
M030,developer,delete_user,/admin/settings,2025-06-12T17:25:22.244467,False,low
U403,hr_manager,access_file,/admin/settings,2025-06-12T17:23:22.244467,True,low
U181,hr_manager,login,/admin/settings,2025-06-12T17:23:22.244467,True,low
U056,hr_manager,login,/hr/files,2025-06-12T17:27:22.244467,True,low
U303,admin,access_file,/finance/data1,2025-06-12T17:24:22.244467,True,high
U592,developer,delete_user,/hr/files,2025-06-12T17:25:22.244467,True,low
U494,hr_manager,change_password,/finance/data1,2025-06-12T17:27:22.244467,True,high
U489,admin,login,/admin/settings,2025-06-12T17:22:22.244467,True,low
U209,admin,login,/admin/settings,2025-06-12T17:24:22.244467,True,low
M010,hr_manager,delete_user,/admin/settings,2025-06-12T17:27:22.244467,False,low
U873,hr_manager,login,/finance/data1,2025-06-12T17:27:22.244467,True,high
U552,admin,login,/dev/code1,2025-06-12T17:22:22.244467,True,low
U295,developer,login,/hr/files,2025-06-12T17:27:22.244467,True,low
U553,admin,change_password,/hr/files,2025-06-12T17:23:22.244467,True,medium
U544,admin,change_password,/finance/data1,2025-06-12T17:22:22.244467,True,high
U205,hr_manager,login,/dev/code1,2025-06-12T17:25:22.244467,True,low
U613,admin,login,/admin/settings,2025-06-12T17:26:22.244467,True,low
U535,developer,change_password,/dev/code1,2025-06-12T17:24:22.244467,True,medium
U031,developer,login,/admin/settings,2025-06-12T17:26:22.244467,True,low
U041,hr_manager,login,/hr/files,2025-06-12T17:22:22.244467,True,low
U895,hr_manager,access_file,/dev/code1,2025-06-12T17:24:22.244467,True,low
U804,admin,login,/hr/files,2025-06-12T17:25:22.244467,True,low
U094,developer,change_password,/admin/settings,2025-06-12T17:24:22.244467,True,medium
U156,hr_manager,delete_user,/dev/code1,2025-06-12T17:27:22.244467,True,low
U123,hr_manager,access_file,/admin/settings,2025-06-12T17:27:22.244467,True,low
M022,hr_manager,escalate_privilege,/admin/settings,2025-06-12T17:26:22.244467,True,low
U214,admin,escalate_privilege,/finance/data1,2025-06-12T17:22:22.244467,True,high
U391,admin,change_password,/finance/data1,2025-06-12T17:27:22.244467,True,high
U695,developer,login,/admin/settings,2025-06-12T17:25:22.244467,True,low
U175,hr_manager,login,/hr/files,2025-06-12T17:23:22.244467,True,low
U475,developer,login,/dev/code1,2025-06-12T17:26:22.244467,True,low
U363,hr_manager,change_password,/hr/files,2025-06-12T17:23:22.244467,True,medium
U383,developer,access_file,/finance/data1,2025-06-12T17:24:22.244467,True,high
U786,admin,access_file,/hr/files,2025-06-12T17:23:22.244467,True,low
U242,admin,login,/dev/code1,2025-06-12T17:24:22.244467,True,low
U118,developer,login,/admin/settings,2025-06-12T17:25:22.244467,True,low
U526,hr_manager,change_password,/finance/data1,2025-06-12T17:23:22.244467,True,high
U512,developer,login,/hr/files,2025-06-12T17:25:22.244467,True,low
M084,hr_manager,delete_user,/admin/settings,2025-06-12T17:27:22.244467,False,low
U732,admin,access_file,/finance/data1,2025-06-12T17:22:22.244467,True,high
U258,hr_manager,login,/dev/code1,2025-06-12T17:22:22.244467,True,low
U522,admin,login,/hr/files,2025-06-12T17:24:22.244467,True,low
U649,developer,login,/hr/files,2025-06-12T17:25:22.244467,True,low
U750,admin,login,/admin/settings,2025-06-12T17:23:22.244467,True,low
U082,developer,login,/hr/files,2025-06-12T17:27:22.244467,True,low
U821,developer,access_file,/hr/files,2025-06-12T17:26:22.244467,True,low
U437,admin,escalate_privilege,/admin/settings,2025-06-12T17:27:22.244467,True,low
U618,admin,login,/admin/settings,2025-06-12T17:24:22.244467,True,low
U327,admin,access_file,/finance/data1,2025-06-12T17:26:22.244467,True,high
U170,admin,access_file,/dev/code1,2025-06-12T17:24:22.244467,True,low
M016,developer,delete_user,/finance/data1,2025-06-12T17:24:22.244467,False,low
U145,hr_manager,delete_user,/admin/settings,2025-06-12T17:27:22.244467,True,low
U753,hr_manager,change_password,/dev/code1,2025-06-12T17:25:22.244467,True,medium
U597,admin,change_password,/finance/data1,2025-06-12T17:23:22.244467,True,high
M047,hr_manager,delete_user,/hr/files,2025-06-12T17:26:22.244467,False,low
U173,hr_manager,change_password,/finance/data1,2025-06-12T17:27:22.244467,True,high
U429,admin,access_file,/dev/code1,2025-06-12T17:26:22.244467,True,low
U676,admin,login,/hr/files,2025-06-12T17:27:22.244467,True,low
U795,admin,login,/finance/data1,2025-06-12T17:25:22.244467,True,high
U431,hr_manager,escalate_privilege,/hr/files,2025-06-12T17:22:22.244467,True,low
U261,hr_manager,login,/admin/settings,2025-06-12T17:26:22.244467,True,low
U240,admin,change_password,/hr/files,2025-06-12T17:25:22.244467,True,medium
U829,admin,access_file,/hr/files,2025-06-12T17:23:22.244467,True,low
U018,admin,login,/hr/files,2025-06-12T17:26:22.244467,True,low
U262,admin,access_file,/finance/data1,2025-06-12T17:26:22.244467,True,high
U331,admin,login,/hr/files,2025-06-12T17:22:22.244467,True,low
U766,admin,login,/admin/settings,2025-06-12T17:24:22.244467,True,low
U841,developer,login,/hr/files,2025-06-12T17:22:22.244467,True,low
U487,developer,access_file,/finance/data1,2025-06-12T17:23:22.244467,True,high
M003,hr_manager,escalate_privilege,/finance/data1,2025-06-12T17:24:22.244467,True,high
U891,admin,escalate_privilege,/hr/files,2025-06-12T17:22:22.244467,True,low
U847,admin,login,/dev/code1,2025-06-12T17:27:22.244467,True,low
U738,hr_manager,delete_user,/hr/files,2025-06-12T17:23:22.244467,True,low
U219,hr_manager,change_password,/admin/settings,2025-06-12T17:27:22.244467,True,medium
U283,hr_manager,access_file,/finance/data1,2025-06-12T17:27:22.244467,True,high
U059,developer,access_file,/hr/files,2025-06-12T17:25:22.244467,True,low
U447,developer,login,/hr/files,2025-06-12T17:23:22.244467,True,low
U467,hr_manager,login,/admin/settings,2025-06-12T17:24:22.244467,True,low
M072,hr_manager,delete_user,/hr/files,2025-06-12T17:24:22.244467,False,low
U546,hr_manager,login,/dev/code1,2025-06-12T17:26:22.244467,True,low
U289,hr_manager,login,/dev/code1,2025-06-12T17:23:22.244467,True,low
U632,hr_manager,login,/dev/code1,2025-06-12T17:22:22.244467,True,low
M074,hr_manager,escalate_privilege,/admin/settings,2025-06-12T17:27:22.244467,True,low
U379,admin,delete_user,/finance/data1,2025-06-12T17:25:22.244467,True,high
U462,hr_manager,login,/dev/code1,2025-06-12T17:25:22.244467,True,low
U653,admin,access_file,/dev/code1,2025-06-12T17:24:22.244467,True,low
U735,admin,access_file,/dev/code1,2025-06-12T17:25:22.244467,True,low
U678,developer,login,/admin/settings,2025-06-12T17:25:22.244467,True,low
U221,developer,access_file,/finance/data1,2025-06-12T17:23:22.244467,True,high
M082,hr_manager,delete_user,/hr/files,2025-06-12T17:27:22.244467,False,low
M018,hr_manager,delete_user,/hr/files,2025-06-12T17:24:22.244467,False,low
U208,admin,delete_user,/admin/settings,2025-06-12T17:25:22.244467,True,low
U504,hr_manager,login,/dev/code1,2025-06-12T17:26:22.244467,True,low
U337,developer,escalate_privilege,/dev/code1,2025-06-12T17:23:22.244467,True,low
U476,admin,change_password,/hr/files,2025-06-12T17:27:22.244467,True,medium
U234,hr_manager,escalate_privilege,/hr/files,2025-06-12T17:23:22.244467,True,low
U182,admin,escalate_privilege,/hr/files,2025-06-12T17:22:22.244467,True,low
U887,developer,delete_user,/admin/settings,2025-06-12T17:25:22.244467,True,low
M041,admin,delete_user,/admin/settings,2025-06-12T17:23:22.244467,False,low
U294,developer,access_file,/hr/files,2025-06-12T17:22:22.244467,True,low
U505,developer,escalate_privilege,/hr/files,2025-06-12T17:26:22.244467,True,low
U411,admin,delete_user,/finance/data1,2025-06-12T17:26:22.244467,True,high
U631,hr_manager,change_password,/finance/data1,2025-06-12T17:23:22.244467,True,high
U176,hr_manager,escalate_privilege,/dev/code1,2025-06-12T17:26:22.244467,True,low
U087,admin,login,/hr/files,2025-06-12T17:24:22.244467,True,low
U511,hr_manager,access_file,/hr/files,2025-06-12T17:24:22.244467,True,low
U213,admin,change_password,/finance/data1,2025-06-12T17:25:22.244467,True,high
U388,developer,login,/admin/settings,2025-06-12T17:23:22.244467,True,low
U453,developer,access_file,/finance/data1,2025-06-12T17:24:22.244467,True,high
U052,developer,delete_user,/hr/files,2025-06-12T17:25:22.244467,True,low
U384,hr_manager,access_file,/dev/code1,2025-06-12T17:24:22.244467,True,low
U185,developer,access_file,/finance/data1,2025-06-12T17:23:22.244467,True,high
U617,admin,login,/admin/settings,2025-06-12T17:26:22.244467,True,low
U204,developer,login,/finance/data1,2025-06-12T17:23:22.244467,True,high
U893,admin,login,/dev/code1,2025-06-12T17:22:22.244467,True,low
U217,developer,delete_user,/dev/code1,2025-06-12T17:22:22.244467,True,low
M007,developer,delete_user,/finance/data1,2025-06-12T17:27:22.244467,False,low
U521,developer,access_file,/admin/settings,2025-06-12T17:23:22.244467,True,low
U647,admin,login,/finance/data1,2025-06-12T17:27:22.244467,True,high
U870,developer,login,/finance/data1,2025-06-12T17:23:22.244467,True,high
U195,hr_manager,login,/hr/files,2025-06-12T17:22:22.244467,True,low
U799,developer,login,/admin/settings,2025-06-12T17:27:22.244467,True,low
U307,developer,change_password,/hr/files,2025-06-12T17:26:22.244467,True,medium
U450,developer,login,/finance/data1,2025-06-12T17:25:22.244467,True,high
U255,admin,change_password,/admin/settings,2025-06-12T17:24:22.244467,True,medium
U817,developer,change_password,/finance/data1,2025-06-12T17:26:22.244467,True,high
U793,admin,login,/finance/data1,2025-06-12T17:26:22.244467,True,high
U207,admin,access_file,/admin/settings,2025-06-12T17:23:22.244467,True,low
U160,admin,login,/dev/code1,2025-06-12T17:24:22.244467,True,low
U741,hr_manager,change_password,/admin/settings,2025-06-12T17:22:22.244467,True,medium
M045,developer,escalate_privilege,/finance/data1,2025-06-12T17:23:22.244467,True,high
U686,admin,login,/finance/data1,2025-06-12T17:22:22.244467,True,high
U243,developer,change_password,/hr/files,2025-06-12T17:22:22.244467,True,medium
U120,hr_manager,login,/dev/code1,2025-06-12T17:24:22.244467,True,low
U004,admin,access_file,/admin/settings,2025-06-12T17:22:22.244467,True,low
U679,admin,access_file,/admin/settings,2025-06-12T17:24:22.244467,True,low
U132,hr_manager,delete_user,/dev/code1,2025-06-12T17:26:22.244467,True,low
U787,developer,delete_user,/admin/settings,2025-06-12T17:25:22.244467,True,low
U709,developer,login,/admin/settings,2025-06-12T17:24:22.244467,True,low
U328,hr_manager,delete_user,/admin/settings,2025-06-12T17:22:22.244467,True,low
U287,hr_manager,access_file,/hr/files,2025-06-12T17:22:22.244467,True,low
U187,admin,login,/admin/settings,2025-06-12T17:24:22.244467,True,low
U451,hr_manager,login,/dev/code1,2025-06-12T17:26:22.244467,True,low
U459,admin,delete_user,/hr/files,2025-06-12T17:24:22.244467,True,low
U275,hr_manager,login,/hr/files,2025-06-12T17:22:22.244467,True,low
U463,admin,change_password,/dev/code1,2025-06-12T17:26:22.244467,True,medium
U405,developer,login,/hr/files,2025-06-12T17:27:22.244467,True,low
U152,hr_manager,login,/finance/data1,2025-06-12T17:24:22.244467,True,high
U142,hr_manager,delete_user,/admin/settings,2025-06-12T17:22:22.244467,True,low
U297,admin,login,/admin/settings,2025-06-12T17:23:22.244467,True,low
U022,developer,access_file,/hr/files,2025-06-12T17:23:22.244467,True,low
U777,hr_manager,login,/dev/code1,2025-06-12T17:22:22.244467,True,low
U784,developer,change_password,/hr/files,2025-06-12T17:27:22.244467,True,medium
U257,hr_manager,access_file,/hr/files,2025-06-12T17:26:22.244467,True,low
U336,developer,access_file,/hr/files,2025-06-12T17:25:22.244467,True,low
U272,hr_manager,access_file,/admin/settings,2025-06-12T17:24:22.244467,True,low
U619,developer,escalate_privilege,/hr/files,2025-06-12T17:26:22.244467,True,low
U861,developer,access_file,/admin/settings,2025-06-12T17:22:22.244467,True,low
U078,hr_manager,login,/finance/data1,2025-06-12T17:25:22.244467,True,high
U096,hr_manager,access_file,/hr/files,2025-06-12T17:22:22.244467,True,low
U114,admin,login,/hr/files,2025-06-12T17:22:22.244467,True,low
U483,admin,access_file,/dev/code1,2025-06-12T17:24:22.244467,True,low
U485,developer,access_file,/admin/settings,2025-06-12T17:22:22.244467,True,low
U198,developer,login,/hr/files,2025-06-12T17:23:22.244467,True,low
U281,hr_manager,access_file,/finance/data1,2025-06-12T17:26:22.244467,True,high
U581,developer,login,/finance/data1,2025-06-12T17:25:22.244467,True,high
U436,hr_manager,delete_user,/dev/code1,2025-06-12T17:26:22.244467,True,low
U066,admin,login,/finance/data1,2025-06-12T17:22:22.244467,True,high
U239,developer,access_file,/hr/files,2025-06-12T17:27:22.244467,True,low
U857,developer,login,/hr/files,2025-06-12T17:26:22.244467,True,low
U716,admin,access_file,/dev/code1,2025-06-12T17:27:22.244467,True,low
U228,admin,login,/admin/settings,2025-06-12T17:24:22.244467,True,low
U657,developer,change_password,/admin/settings,2025-06-12T17:24:22.244467,True,medium
M073,admin,delete_user,/dev/code1,2025-06-12T17:26:22.244467,False,low
U247,admin,login,/admin/settings,2025-06-12T17:23:22.244467,True,low
U420,developer,login,/hr/files,2025-06-12T17:25:22.244467,True,low
U425,developer,login,/admin/settings,2025-06-12T17:25:22.244467,True,low
U798,hr_manager,login,/finance/data1,2025-06-12T17:26:22.244467,True,high
U609,developer,change_password,/dev/code1,2025-06-12T17:22:22.244467,True,medium
U438,developer,login,/dev/code1,2025-06-12T17:27:22.244467,True,low
U025,hr_manager,delete_user,/hr/files,2025-06-12T17:26:22.244467,True,low
U276,developer,change_password,/dev/code1,2025-06-12T17:22:22.244467,True,medium
U008,hr_manager,login,/dev/code1,2025-06-12T17:27:22.244467,True,low
U858,hr_manager,login,/hr/files,2025-06-12T17:23:22.244467,True,low
U126,developer,change_password,/admin/settings,2025-06-12T17:27:22.244467,True,medium
U177,admin,login,/hr/files,2025-06-12T17:23:22.244467,True,low
M006,developer,escalate_privilege,/dev/code1,2025-06-12T17:22:22.244467,True,low
U849,admin,login,/hr/files,2025-06-12T17:25:22.244467,True,low
U643,developer,change_password,/admin/settings,2025-06-12T17:26:22.244467,True,medium
U768,admin,change_password,/admin/settings,2025-06-12T17:26:22.244467,True,medium
U130,hr_manager,change_password,/dev/code1,2025-06-12T17:27:22.244467,True,medium
U150,admin,login,/finance/data1,2025-06-12T17:23:22.244467,True,high
U329,admin,login,/dev/code1,2025-06-12T17:25:22.244467,True,low
U723,hr_manager,login,/hr/files,2025-06-12T17:24:22.244467,True,low
M062,hr_manager,escalate_privilege,/finance/data1,2025-06-12T17:22:22.244467,True,high
M051,developer,escalate_privilege,/admin/settings,2025-06-12T17:22:22.244467,True,low
U791,admin,access_file,/finance/data1,2025-06-12T17:22:22.244467,True,high
U715,admin,login,/finance/data1,2025-06-12T17:26:22.244467,True,high
